text,label
Congratulations! You've won a $1000 Walmart gift card. Click here to claim now.,1
"Hey, are we still on for lunch tomorrow?",0
URGENT! Your account has been compromised. Verify your password immediately.,1
Meeting agenda attached. Let me know your thoughts.,0
Lowest insurance rates available. Reply now to save big!,1
Don't forget the project deadline is next Friday.,0
You have been pre‑approved for a credit card with 0% APR.,1
Family reunion this weekend—looking forward to seeing you!,0
Earn $5000 a week working from home. Limited spots!,1
Draft report is ready; please review when convenient.,0
FREE entry in a weekly competition to win iPad Pro—text WIN to 80085!,1
Can you send me the latest sales figures?,0
Unlock your full potential with our online MBA—enroll today!,1
Birthday party at my place on Saturday. You in?,0
Act now! Clearance sale ends tonight—up to 90% off.,1
Quarterly performance review scheduled for 3 PM.,0
You have an unclaimed refund. Fill out this form to receive it.,1
Here's the zoom link for tomorrow's class.,0
Double your Bitcoin in 24 hours—guaranteed!,1
Vacation photos attached—check them out!,0
